filename,class,width,height
Anorganik_0000.jpg,Anorganik,224,224
Organik_0001.jpg,Organik,224,224
Organik_0002.jpg,Organik,224,224
Anorganik_0003.jpg,Anorganik,224,224
Anorganik_0004.jpg,Anorganik,224,224
Organik_0005.jpg,Organik,224,224
Organik_0006.jpg,Organik,224,224
Organik_0007.jpg,Organik,224,224
Anorganik_0008.jpg,Anorganik,224,224
Anorganik_0009.jpg,Anorganik,224,224
Organik_0010.jpg,Organik,224,224
Organik_0011.jpg,Organik,224,224
Organik_0012.jpg,Organik,224,224
Anorganik_0013.jpg,Anorganik,224,224
Anorganik_0014.jpg,Anorganik,224,224
Organik_0015.jpg,Organik,224,224
Organik_0016.jpg,Organik,224,224
Anorganik_0017.jpg,Anorganik,224,224
Anorganik_0018.jpg,Anorganik,224,224
Anorganik_0019.jpg,Anorganik,224,224
Organik_0020.jpg,Organik,224,224
Organik_0021.jpg,Organik,224,224
Anorganik_0022.jpg,Anorganik,224,224
Anorganik_0023.jpg,Anorganik,224,224
Organik_0024.jpg,Organik,224,224
Anorganik_0025.jpg,Anorganik,224,224
Organik_0026.jpg,Organik,224,224
Organik_0027.jpg,Organik,224,224
Anorganik_0028.jpg,Anorganik,224,224
Anorganik_0029.jpg,Anorganik,224,224
Anorganik_0030.jpg,Anorganik,224,224
Anorganik_0031.jpg,Anorganik,224,224
Anorganik_0032.jpg,Anorganik,224,224
Organik_0033.jpg,Organik,224,224
Organik_0034.jpg,Organik,224,224
Anorganik_0035.jpg,Anorganik,224,224
Anorganik_0036.jpg,Anorganik,224,224
Organik_0037.jpg,Organik,224,224
Anorganik_0038.jpg,Anorganik,224,224
Organik_0039.jpg,Organik,224,224
Organik_0040.jpg,Organik,224,224
Anorganik_0041.jpg,Anorganik,224,224
Organik_0042.jpg,Organik,224,224
Anorganik_0043.jpg,Anorganik,224,224
Anorganik_0044.jpg,Anorganik,224,224
Anorganik_0045.jpg,Anorganik,224,224
Organik_0046.jpg,Organik,224,224
Anorganik_0047.jpg,Anorganik,224,224
Organik_0048.jpg,Organik,224,224
Organik_0049.jpg,Organik,224,224
Anorganik_0050.jpg,Anorganik,224,224
Organik_0051.jpg,Organik,224,224
Anorganik_0052.jpg,Anorganik,224,224
Organik_0053.jpg,Organik,224,224
Organik_0054.jpg,Organik,224,224
Organik_0055.jpg,Organik,224,224
Organik_0056.jpg,Organik,224,224
Organik_0057.jpg,Organik,224,224
Anorganik_0058.jpg,Anorganik,224,224
Organik_0059.jpg,Organik,224,224
Organik_0060.jpg,Organik,224,224
Organik_0061.jpg,Organik,224,224
Anorganik_0062.jpg,Anorganik,224,224
Organik_0063.jpg,Organik,224,224
Anorganik_0064.jpg,Anorganik,224,224
Organik_0065.jpg,Organik,224,224
Anorganik_0066.jpg,Anorganik,224,224
Organik_0067.jpg,Organik,224,224
Anorganik_0068.jpg,Anorganik,224,224
Organik_0069.jpg,Organik,224,224
Organik_0070.jpg,Organik,224,224
Organik_0071.jpg,Organik,224,224
Anorganik_0072.jpg,Anorganik,224,224
Organik_0073.jpg,Organik,224,224
Anorganik_0074.jpg,Anorganik,224,224
Organik_0075.jpg,Organik,224,224
Organik_0076.jpg,Organik,224,224
Organik_0077.jpg,Organik,224,224
Anorganik_0078.jpg,Anorganik,224,224
Anorganik_0079.jpg,Anorganik,224,224
Anorganik_0080.jpg,Anorganik,224,224
Organik_0081.jpg,Organik,224,224
Organik_0082.jpg,Organik,224,224
Organik_0083.jpg,Organik,224,224
Anorganik_0084.jpg,Anorganik,224,224
Organik_0085.jpg,Organik,224,224
Anorganik_0086.jpg,Anorganik,224,224
Anorganik_0087.jpg,Anorganik,224,224
Organik_0088.jpg,Organik,224,224
Organik_0089.jpg,Organik,224,224
Organik_0090.jpg,Organik,224,224
Organik_0091.jpg,Organik,224,224
Anorganik_0092.jpg,Anorganik,224,224
Organik_0093.jpg,Organik,224,224
Organik_0094.jpg,Organik,224,224
Organik_0095.jpg,Organik,224,224
Organik_0096.jpg,Organik,224,224
Organik_0097.jpg,Organik,224,224
Anorganik_0098.jpg,Anorganik,224,224
Anorganik_0099.jpg,Anorganik,224,224
Anorganik_0100.jpg,Anorganik,224,224
Organik_0101.jpg,Organik,224,224
Anorganik_0102.jpg,Anorganik,224,224
Anorganik_0103.jpg,Anorganik,224,224
Organik_0104.jpg,Organik,224,224
Organik_0105.jpg,Organik,224,224
Anorganik_0106.jpg,Anorganik,224,224
Organik_0107.jpg,Organik,224,224
Organik_0108.jpg,Organik,224,224
Anorganik_0109.jpg,Anorganik,224,224
Anorganik_0110.jpg,Anorganik,224,224
Organik_0111.jpg,Organik,224,224
Anorganik_0112.jpg,Anorganik,224,224
Organik_0113.jpg,Organik,224,224
Organik_0114.jpg,Organik,224,224
Organik_0115.jpg,Organik,224,224
Anorganik_0116.jpg,Anorganik,224,224
Organik_0117.jpg,Organik,224,224
Organik_0118.jpg,Organik,224,224
Organik_0119.jpg,Organik,224,224
Organik_0120.jpg,Organik,224,224
Anorganik_0121.jpg,Anorganik,224,224
Anorganik_0122.jpg,Anorganik,224,224
Anorganik_0123.jpg,Anorganik,224,224
Organik_0124.jpg,Organik,224,224
Anorganik_0125.jpg,Anorganik,224,224
Organik_0126.jpg,Organik,224,224
Organik_0127.jpg,Organik,224,224
Anorganik_0128.jpg,Anorganik,224,224
Anorganik_0129.jpg,Anorganik,224,224
Organik_0130.jpg,Organik,224,224
Organik_0131.jpg,Organik,224,224
Organik_0132.jpg,Organik,224,224
Anorganik_0133.jpg,Anorganik,224,224
Organik_0134.jpg,Organik,224,224
Organik_0135.jpg,Organik,224,224
Anorganik_0136.jpg,Anorganik,224,224
Organik_0137.jpg,Organik,224,224
Anorganik_0138.jpg,Anorganik,224,224
Anorganik_0139.jpg,Anorganik,224,224
Organik_0140.jpg,Organik,224,224
Organik_0141.jpg,Organik,224,224
Organik_0142.jpg,Organik,224,224
Organik_0143.jpg,Organik,224,224
Organik_0144.jpg,Organik,224,224
Anorganik_0145.jpg,Anorganik,224,224
Organik_0146.jpg,Organik,224,224
Anorganik_0147.jpg,Anorganik,224,224
Anorganik_0148.jpg,Anorganik,224,224
Anorganik_0149.jpg,Anorganik,224,224
Organik_0150.jpg,Organik,224,224
Anorganik_0151.jpg,Anorganik,224,224
Organik_0152.jpg,Organik,224,224
Anorganik_0153.jpg,Anorganik,224,224
Anorganik_0154.jpg,Anorganik,224,224
Anorganik_0155.jpg,Anorganik,224,224
Anorganik_0156.jpg,Anorganik,224,224
Organik_0157.jpg,Organik,224,224
Anorganik_0158.jpg,Anorganik,224,224
Organik_0159.jpg,Organik,224,224
Organik_0160.jpg,Organik,224,224
Anorganik_0161.jpg,Anorganik,224,224
Anorganik_0162.jpg,Anorganik,224,224
Anorganik_0163.jpg,Anorganik,224,224
Anorganik_0164.jpg,Anorganik,224,224
Organik_0165.jpg,Organik,224,224
Organik_0166.jpg,Organik,224,224
Organik_0167.jpg,Organik,224,224
Anorganik_0168.jpg,Anorganik,224,224
Organik_0169.jpg,Organik,224,224
Organik_0170.jpg,Organik,224,224
Anorganik_0171.jpg,Anorganik,224,224
Organik_0172.jpg,Organik,224,224
Anorganik_0173.jpg,Anorganik,224,224
Organik_0174.jpg,Organik,224,224
Anorganik_0175.jpg,Anorganik,224,224
Anorganik_0176.jpg,Anorganik,224,224
Organik_0177.jpg,Organik,224,224
Organik_0178.jpg,Organik,224,224
Organik_0179.jpg,Organik,224,224
Anorganik_0180.jpg,Anorganik,224,224
Anorganik_0181.jpg,Anorganik,224,224
Anorganik_0182.jpg,Anorganik,224,224
Anorganik_0183.jpg,Anorganik,224,224
Anorganik_0184.jpg,Anorganik,224,224
Organik_0185.jpg,Organik,224,224
Anorganik_0186.jpg,Anorganik,224,224
Organik_0187.jpg,Organik,224,224
Organik_0188.jpg,Organik,224,224
Anorganik_0189.jpg,Anorganik,224,224
Anorganik_0190.jpg,Anorganik,224,224
Organik_0191.jpg,Organik,224,224
Anorganik_0192.jpg,Anorganik,224,224
Anorganik_0193.jpg,Anorganik,224,224
Organik_0194.jpg,Organik,224,224
Anorganik_0195.jpg,Anorganik,224,224
Organik_0196.jpg,Organik,224,224
Organik_0197.jpg,Organik,224,224
Organik_0198.jpg,Organik,224,224
Organik_0199.jpg,Organik,224,224
Anorganik_0200.jpg,Anorganik,224,224
Anorganik_0201.jpg,Anorganik,224,224
Organik_0202.jpg,Organik,224,224
Organik_0203.jpg,Organik,224,224
Organik_0204.jpg,Organik,224,224
Anorganik_0205.jpg,Anorganik,224,224
Anorganik_0206.jpg,Anorganik,224,224
Anorganik_0207.jpg,Anorganik,224,224
Organik_0208.jpg,Organik,224,224
Anorganik_0209.jpg,Anorganik,224,224
Anorganik_0210.jpg,Anorganik,224,224
Anorganik_0211.jpg,Anorganik,224,224
Organik_0212.jpg,Organik,224,224
Organik_0213.jpg,Organik,224,224
Anorganik_0214.jpg,Anorganik,224,224
Organik_0215.jpg,Organik,224,224
Anorganik_0216.jpg,Anorganik,224,224
Anorganik_0217.jpg,Anorganik,224,224
Anorganik_0218.jpg,Anorganik,224,224
Organik_0219.jpg,Organik,224,224
Anorganik_0220.jpg,Anorganik,224,224
Anorganik_0221.jpg,Anorganik,224,224
Anorganik_0222.jpg,Anorganik,224,224
Organik_0223.jpg,Organik,224,224
Organik_0224.jpg,Organik,224,224
Organik_0225.jpg,Organik,224,224
Organik_0226.jpg,Organik,224,224
Anorganik_0227.jpg,Anorganik,224,224
Anorganik_0228.jpg,Anorganik,224,224
Anorganik_0229.jpg,Anorganik,224,224
Organik_0230.jpg,Organik,224,224
Anorganik_0231.jpg,Anorganik,224,224
Anorganik_0232.jpg,Anorganik,224,224
Organik_0233.jpg,Organik,224,224
Anorganik_0234.jpg,Anorganik,224,224
Anorganik_0235.jpg,Anorganik,224,224
Anorganik_0236.jpg,Anorganik,224,224
Organik_0237.jpg,Organik,224,224
Organik_0238.jpg,Organik,224,224
Organik_0239.jpg,Organik,224,224
Anorganik_0240.jpg,Anorganik,224,224
Anorganik_0241.jpg,Anorganik,224,224
Anorganik_0242.jpg,Anorganik,224,224
Anorganik_0243.jpg,Anorganik,224,224
Organik_0244.jpg,Organik,224,224
Anorganik_0245.jpg,Anorganik,224,224
Anorganik_0246.jpg,Anorganik,224,224
Anorganik_0247.jpg,Anorganik,224,224
Anorganik_0248.jpg,Anorganik,224,224
Organik_0249.jpg,Organik,224,224
Anorganik_0250.jpg,Anorganik,224,224
Organik_0251.jpg,Organik,224,224
Organik_0252.jpg,Organik,224,224
Anorganik_0253.jpg,Anorganik,224,224
Organik_0254.jpg,Organik,224,224
Organik_0255.jpg,Organik,224,224
Organik_0256.jpg,Organik,224,224
Organik_0257.jpg,Organik,224,224
Anorganik_0258.jpg,Anorganik,224,224
Organik_0259.jpg,Organik,224,224
Organik_0260.jpg,Organik,224,224
Organik_0261.jpg,Organik,224,224
Anorganik_0262.jpg,Anorganik,224,224
Organik_0263.jpg,Organik,224,224
Anorganik_0264.jpg,Anorganik,224,224
Organik_0265.jpg,Organik,224,224
Organik_0266.jpg,Organik,224,224
Organik_0267.jpg,Organik,224,224
Organik_0268.jpg,Organik,224,224
Anorganik_0269.jpg,Anorganik,224,224
Anorganik_0270.jpg,Anorganik,224,224
Anorganik_0271.jpg,Anorganik,224,224
Anorganik_0272.jpg,Anorganik,224,224
Organik_0273.jpg,Organik,224,224
Anorganik_0274.jpg,Anorganik,224,224
Organik_0275.jpg,Organik,224,224
Anorganik_0276.jpg,Anorganik,224,224
Organik_0277.jpg,Organik,224,224
Organik_0278.jpg,Organik,224,224
Organik_0279.jpg,Organik,224,224
Anorganik_0280.jpg,Anorganik,224,224
Anorganik_0281.jpg,Anorganik,224,224
Anorganik_0282.jpg,Anorganik,224,224
Anorganik_0283.jpg,Anorganik,224,224
Anorganik_0284.jpg,Anorganik,224,224
Anorganik_0285.jpg,Anorganik,224,224
Organik_0286.jpg,Organik,224,224
Anorganik_0287.jpg,Anorganik,224,224
Organik_0288.jpg,Organik,224,224
Organik_0289.jpg,Organik,224,224
Anorganik_0290.jpg,Anorganik,224,224
Anorganik_0291.jpg,Anorganik,224,224
Anorganik_0292.jpg,Anorganik,224,224
Anorganik_0293.jpg,Anorganik,224,224
Anorganik_0294.jpg,Anorganik,224,224
Anorganik_0295.jpg,Anorganik,224,224
Anorganik_0296.jpg,Anorganik,224,224
Anorganik_0297.jpg,Anorganik,224,224
Anorganik_0298.jpg,Anorganik,224,224
Anorganik_0299.jpg,Anorganik,224,224
Anorganik_0300.jpg,Anorganik,224,224
Organik_0301.jpg,Organik,224,224
Anorganik_0302.jpg,Anorganik,224,224
Organik_0303.jpg,Organik,224,224
Organik_0304.jpg,Organik,224,224
Anorganik_0305.jpg,Anorganik,224,224
Organik_0306.jpg,Organik,224,224
Organik_0307.jpg,Organik,224,224
Organik_0308.jpg,Organik,224,224
Anorganik_0309.jpg,Anorganik,224,224
Organik_0310.jpg,Organik,224,224
Organik_0311.jpg,Organik,224,224
Organik_0312.jpg,Organik,224,224
Organik_0313.jpg,Organik,224,224
Organik_0314.jpg,Organik,224,224
Anorganik_0315.jpg,Anorganik,224,224
Organik_0316.jpg,Organik,224,224
Organik_0317.jpg,Organik,224,224
Anorganik_0318.jpg,Anorganik,224,224
Anorganik_0319.jpg,Anorganik,224,224
Organik_0320.jpg,Organik,224,224
Anorganik_0321.jpg,Anorganik,224,224
Organik_0322.jpg,Organik,224,224
Organik_0323.jpg,Organik,224,224
Organik_0324.jpg,Organik,224,224
Organik_0325.jpg,Organik,224,224
Organik_0326.jpg,Organik,224,224
Anorganik_0327.jpg,Anorganik,224,224
Organik_0328.jpg,Organik,224,224
Anorganik_0329.jpg,Anorganik,224,224
Anorganik_0330.jpg,Anorganik,224,224
Organik_0331.jpg,Organik,224,224
Anorganik_0332.jpg,Anorganik,224,224
Organik_0333.jpg,Organik,224,224
Organik_0334.jpg,Organik,224,224
Organik_0335.jpg,Organik,224,224
Organik_0336.jpg,Organik,224,224
Anorganik_0337.jpg,Anorganik,224,224
Anorganik_0338.jpg,Anorganik,224,224
Anorganik_0339.jpg,Anorganik,224,224
Anorganik_0340.jpg,Anorganik,224,224
Anorganik_0341.jpg,Anorganik,224,224
Organik_0342.jpg,Organik,224,224
Anorganik_0343.jpg,Anorganik,224,224
Anorganik_0344.jpg,Anorganik,224,224
Organik_0345.jpg,Organik,224,224
Anorganik_0346.jpg,Anorganik,224,224
Organik_0347.jpg,Organik,224,224
Anorganik_0348.jpg,Anorganik,224,224
Anorganik_0349.jpg,Anorganik,224,224
Anorganik_0350.jpg,Anorganik,224,224
Organik_0351.jpg,Organik,224,224
Organik_0352.jpg,Organik,224,224
Anorganik_0353.jpg,Anorganik,224,224
Organik_0354.jpg,Organik,224,224
Organik_0355.jpg,Organik,224,224
Anorganik_0356.jpg,Anorganik,224,224
Anorganik_0357.jpg,Anorganik,224,224
Organik_0358.jpg,Organik,224,224
Anorganik_0359.jpg,Anorganik,224,224
Organik_0360.jpg,Organik,224,224
Anorganik_0361.jpg,Anorganik,224,224
Anorganik_0362.jpg,Anorganik,224,224
Anorganik_0363.jpg,Anorganik,224,224
Organik_0364.jpg,Organik,224,224
Anorganik_0365.jpg,Anorganik,224,224
Organik_0366.jpg,Organik,224,224
Organik_0367.jpg,Organik,224,224
Anorganik_0368.jpg,Anorganik,224,224
Anorganik_0369.jpg,Anorganik,224,224
Anorganik_0370.jpg,Anorganik,224,224
Anorganik_0371.jpg,Anorganik,224,224
Organik_0372.jpg,Organik,224,224
Organik_0373.jpg,Organik,224,224
Organik_0374.jpg,Organik,224,224
Organik_0375.jpg,Organik,224,224
Organik_0376.jpg,Organik,224,224
Organik_0377.jpg,Organik,224,224
Anorganik_0378.jpg,Anorganik,224,224
Anorganik_0379.jpg,Anorganik,224,224
Anorganik_0380.jpg,Anorganik,224,224
Anorganik_0381.jpg,Anorganik,224,224
Anorganik_0382.jpg,Anorganik,224,224
Organik_0383.jpg,Organik,224,224
Organik_0384.jpg,Organik,224,224
Anorganik_0385.jpg,Anorganik,224,224
Anorganik_0386.jpg,Anorganik,224,224
Anorganik_0387.jpg,Anorganik,224,224
Organik_0388.jpg,Organik,224,224
Organik_0389.jpg,Organik,224,224
Anorganik_0390.jpg,Anorganik,224,224
Anorganik_0391.jpg,Anorganik,224,224
Organik_0392.jpg,Organik,224,224
Organik_0393.jpg,Organik,224,224
Anorganik_0394.jpg,Anorganik,224,224
Anorganik_0395.jpg,Anorganik,224,224
Anorganik_0396.jpg,Anorganik,224,224
Organik_0397.jpg,Organik,224,224
Organik_0398.jpg,Organik,224,224
Organik_0399.jpg,Organik,224,224
Anorganik_0400.jpg,Anorganik,224,224
Organik_0401.jpg,Organik,224,224
Organik_0402.jpg,Organik,224,224
Organik_0403.jpg,Organik,224,224
Anorganik_0404.jpg,Anorganik,224,224
Anorganik_0405.jpg,Anorganik,224,224
Anorganik_0406.jpg,Anorganik,224,224
Anorganik_0407.jpg,Anorganik,224,224
Organik_0408.jpg,Organik,224,224
Anorganik_0409.jpg,Anorganik,224,224
Anorganik_0410.jpg,Anorganik,224,224
Anorganik_0411.jpg,Anorganik,224,224
Organik_0412.jpg,Organik,224,224
Anorganik_0413.jpg,Anorganik,224,224
Organik_0414.jpg,Organik,224,224
Organik_0415.jpg,Organik,224,224
Anorganik_0416.jpg,Anorganik,224,224
Anorganik_0417.jpg,Anorganik,224,224
Anorganik_0418.jpg,Anorganik,224,224
Anorganik_0419.jpg,Anorganik,224,224
Anorganik_0420.jpg,Anorganik,224,224
Anorganik_0421.jpg,Anorganik,224,224
Anorganik_0422.jpg,Anorganik,224,224
Organik_0423.jpg,Organik,224,224
Anorganik_0424.jpg,Anorganik,224,224
Anorganik_0425.jpg,Anorganik,224,224
Organik_0426.jpg,Organik,224,224
Organik_0427.jpg,Organik,224,224
Anorganik_0428.jpg,Anorganik,224,224
Organik_0429.jpg,Organik,224,224
Anorganik_0430.jpg,Anorganik,224,224
Organik_0431.jpg,Organik,224,224
Organik_0432.jpg,Organik,224,224
Organik_0433.jpg,Organik,224,224
Organik_0434.jpg,Organik,224,224
Anorganik_0435.jpg,Anorganik,224,224
Organik_0436.jpg,Organik,224,224
Anorganik_0437.jpg,Anorganik,224,224
Anorganik_0438.jpg,Anorganik,224,224
Organik_0439.jpg,Organik,224,224
Organik_0440.jpg,Organik,224,224
Anorganik_0441.jpg,Anorganik,224,224
Organik_0442.jpg,Organik,224,224
Anorganik_0443.jpg,Anorganik,224,224
Organik_0444.jpg,Organik,224,224
Organik_0445.jpg,Organik,224,224
Organik_0446.jpg,Organik,224,224
Organik_0447.jpg,Organik,224,224
Anorganik_0448.jpg,Anorganik,224,224
Anorganik_0449.jpg,Anorganik,224,224
Organik_0450.jpg,Organik,224,224
Anorganik_0451.jpg,Anorganik,224,224
Anorganik_0452.jpg,Anorganik,224,224
Organik_0453.jpg,Organik,224,224
Organik_0454.jpg,Organik,224,224
Organik_0455.jpg,Organik,224,224
Anorganik_0456.jpg,Anorganik,224,224
Anorganik_0457.jpg,Anorganik,224,224
Organik_0458.jpg,Organik,224,224
Organik_0459.jpg,Organik,224,224
Organik_0460.jpg,Organik,224,224
Anorganik_0461.jpg,Anorganik,224,224
Organik_0462.jpg,Organik,224,224
Organik_0463.jpg,Organik,224,224
Organik_0464.jpg,Organik,224,224
Anorganik_0465.jpg,Anorganik,224,224
Anorganik_0466.jpg,Anorganik,224,224
Organik_0467.jpg,Organik,224,224
Organik_0468.jpg,Organik,224,224
Anorganik_0469.jpg,Anorganik,224,224
Organik_0470.jpg,Organik,224,224
Anorganik_0471.jpg,Anorganik,224,224
Anorganik_0472.jpg,Anorganik,224,224
Organik_0473.jpg,Organik,224,224
Anorganik_0474.jpg,Anorganik,224,224
Anorganik_0475.jpg,Anorganik,224,224
Anorganik_0476.jpg,Anorganik,224,224
Anorganik_0477.jpg,Anorganik,224,224
Anorganik_0478.jpg,Anorganik,224,224
Organik_0479.jpg,Organik,224,224
Anorganik_0480.jpg,Anorganik,224,224
Organik_0481.jpg,Organik,224,224
Anorganik_0482.jpg,Anorganik,224,224
Organik_0483.jpg,Organik,224,224
Anorganik_0484.jpg,Anorganik,224,224
Anorganik_0485.jpg,Anorganik,224,224
Anorganik_0486.jpg,Anorganik,224,224
Organik_0487.jpg,Organik,224,224
Organik_0488.jpg,Organik,224,224
Anorganik_0489.jpg,Anorganik,224,224
Anorganik_0490.jpg,Anorganik,224,224
Anorganik_0491.jpg,Anorganik,224,224
Anorganik_0492.jpg,Anorganik,224,224
Organik_0493.jpg,Organik,224,224
Organik_0494.jpg,Organik,224,224
Organik_0495.jpg,Organik,224,224
Anorganik_0496.jpg,Anorganik,224,224
Organik_0497.jpg,Organik,224,224
Organik_0498.jpg,Organik,224,224
Organik_0499.jpg,Organik,224,224
Anorganik_0500.jpg,Anorganik,224,224
Organik_0501.jpg,Organik,224,224
Organik_0502.jpg,Organik,224,224
Anorganik_0503.jpg,Anorganik,224,224
Anorganik_0504.jpg,Anorganik,224,224
Anorganik_0505.jpg,Anorganik,224,224
Organik_0506.jpg,Organik,224,224
Anorganik_0507.jpg,Anorganik,224,224
Organik_0508.jpg,Organik,224,224
Anorganik_0509.jpg,Anorganik,224,224
Anorganik_0510.jpg,Anorganik,224,224
Anorganik_0511.jpg,Anorganik,224,224
Organik_0512.jpg,Organik,224,224
Anorganik_0513.jpg,Anorganik,224,224
Organik_0514.jpg,Organik,224,224
Organik_0515.jpg,Organik,224,224
Anorganik_0516.jpg,Anorganik,224,224
Organik_0517.jpg,Organik,224,224
Organik_0518.jpg,Organik,224,224
Organik_0519.jpg,Organik,224,224
Organik_0520.jpg,Organik,224,224
Organik_0521.jpg,Organik,224,224
Organik_0522.jpg,Organik,224,224
Anorganik_0523.jpg,Anorganik,224,224
Anorganik_0524.jpg,Anorganik,224,224
Organik_0525.jpg,Organik,224,224
Anorganik_0526.jpg,Anorganik,224,224
Anorganik_0527.jpg,Anorganik,224,224
Organik_0528.jpg,Organik,224,224
Anorganik_0529.jpg,Anorganik,224,224
Organik_0530.jpg,Organik,224,224
Anorganik_0531.jpg,Anorganik,224,224
Organik_0532.jpg,Organik,224,224
Organik_0533.jpg,Organik,224,224
Anorganik_0534.jpg,Anorganik,224,224
Anorganik_0535.jpg,Anorganik,224,224
Anorganik_0536.jpg,Anorganik,224,224
Anorganik_0537.jpg,Anorganik,224,224
Organik_0538.jpg,Organik,224,224
Anorganik_0539.jpg,Anorganik,224,224
Organik_0540.jpg,Organik,224,224
Anorganik_0541.jpg,Anorganik,224,224
Organik_0542.jpg,Organik,224,224
Anorganik_0543.jpg,Anorganik,224,224
Organik_0544.jpg,Organik,224,224
Anorganik_0545.jpg,Anorganik,224,224
Organik_0546.jpg,Organik,224,224
Anorganik_0547.jpg,Anorganik,224,224
Anorganik_0548.jpg,Anorganik,224,224
Anorganik_0549.jpg,Anorganik,224,224
Organik_0550.jpg,Organik,224,224
Anorganik_0551.jpg,Anorganik,224,224
Anorganik_0552.jpg,Anorganik,224,224
Organik_0553.jpg,Organik,224,224
Organik_0554.jpg,Organik,224,224
Anorganik_0555.jpg,Anorganik,224,224
Anorganik_0556.jpg,Anorganik,224,224
Anorganik_0557.jpg,Anorganik,224,224
Anorganik_0558.jpg,Anorganik,224,224
Organik_0559.jpg,Organik,224,224
Organik_0560.jpg,Organik,224,224
Organik_0561.jpg,Organik,224,224
Organik_0562.jpg,Organik,224,224
Organik_0563.jpg,Organik,224,224
Anorganik_0564.jpg,Anorganik,224,224
Organik_0565.jpg,Organik,224,224
Organik_0566.jpg,Organik,224,224
Organik_0567.jpg,Organik,224,224
Anorganik_0568.jpg,Anorganik,224,224
Organik_0569.jpg,Organik,224,224
Organik_0570.jpg,Organik,224,224
Organik_0571.jpg,Organik,224,224
Anorganik_0572.jpg,Anorganik,224,224
Organik_0573.jpg,Organik,224,224
Organik_0574.jpg,Organik,224,224
Anorganik_0575.jpg,Anorganik,224,224
Organik_0576.jpg,Organik,224,224
Organik_0577.jpg,Organik,224,224
Organik_0578.jpg,Organik,224,224
Anorganik_0579.jpg,Anorganik,224,224
Anorganik_0580.jpg,Anorganik,224,224
Anorganik_0581.jpg,Anorganik,224,224
Anorganik_0582.jpg,Anorganik,224,224
Organik_0583.jpg,Organik,224,224
Organik_0584.jpg,Organik,224,224
Anorganik_0585.jpg,Anorganik,224,224
Organik_0586.jpg,Organik,224,224
Organik_0587.jpg,Organik,224,224
Anorganik_0588.jpg,Anorganik,224,224
Organik_0589.jpg,Organik,224,224
Organik_0590.jpg,Organik,224,224
Anorganik_0591.jpg,Anorganik,224,224
Anorganik_0592.jpg,Anorganik,224,224
Organik_0593.jpg,Organik,224,224
Anorganik_0594.jpg,Anorganik,224,224
Anorganik_0595.jpg,Anorganik,224,224
Anorganik_0596.jpg,Anorganik,224,224
Organik_0597.jpg,Organik,224,224
Anorganik_0598.jpg,Anorganik,224,224
Anorganik_0599.jpg,Anorganik,224,224
Anorganik_0600.jpg,Anorganik,224,224
Anorganik_0601.jpg,Anorganik,224,224
Anorganik_0602.jpg,Anorganik,224,224
Anorganik_0603.jpg,Anorganik,224,224
Organik_0604.jpg,Organik,224,224
Organik_0605.jpg,Organik,224,224
Anorganik_0606.jpg,Anorganik,224,224
Anorganik_0607.jpg,Anorganik,224,224
Organik_0608.jpg,Organik,224,224
Organik_0609.jpg,Organik,224,224
Organik_0610.jpg,Organik,224,224
Anorganik_0611.jpg,Anorganik,224,224
Organik_0612.jpg,Organik,224,224
Anorganik_0613.jpg,Anorganik,224,224
Anorganik_0614.jpg,Anorganik,224,224
Organik_0615.jpg,Organik,224,224
Organik_0616.jpg,Organik,224,224
Organik_0617.jpg,Organik,224,224
Anorganik_0618.jpg,Anorganik,224,224
Anorganik_0619.jpg,Anorganik,224,224
Anorganik_0620.jpg,Anorganik,224,224
Anorganik_0621.jpg,Anorganik,224,224
Anorganik_0622.jpg,Anorganik,224,224
Organik_0623.jpg,Organik,224,224
Anorganik_0624.jpg,Anorganik,224,224
Organik_0625.jpg,Organik,224,224
Organik_0626.jpg,Organik,224,224
Anorganik_0627.jpg,Anorganik,224,224
Organik_0628.jpg,Organik,224,224
Anorganik_0629.jpg,Anorganik,224,224
Organik_0630.jpg,Organik,224,224
Anorganik_0631.jpg,Anorganik,224,224
Anorganik_0632.jpg,Anorganik,224,224
Anorganik_0633.jpg,Anorganik,224,224
Anorganik_0634.jpg,Anorganik,224,224
Organik_0635.jpg,Organik,224,224
Organik_0636.jpg,Organik,224,224
Anorganik_0637.jpg,Anorganik,224,224
Organik_0638.jpg,Organik,224,224
Organik_0639.jpg,Organik,224,224
Anorganik_0640.jpg,Anorganik,224,224
Organik_0641.jpg,Organik,224,224
Organik_0642.jpg,Organik,224,224
Organik_0643.jpg,Organik,224,224
Anorganik_0644.jpg,Anorganik,224,224
Anorganik_0645.jpg,Anorganik,224,224
Organik_0646.jpg,Organik,224,224
Anorganik_0647.jpg,Anorganik,224,224
Anorganik_0648.jpg,Anorganik,224,224
Anorganik_0649.jpg,Anorganik,224,224
Anorganik_0650.jpg,Anorganik,224,224
Organik_0651.jpg,Organik,224,224
Anorganik_0652.jpg,Anorganik,224,224
Organik_0653.jpg,Organik,224,224
Anorganik_0654.jpg,Anorganik,224,224
Organik_0655.jpg,Organik,224,224
Anorganik_0656.jpg,Anorganik,224,224
Anorganik_0657.jpg,Anorganik,224,224
Organik_0658.jpg,Organik,224,224
Organik_0659.jpg,Organik,224,224
Anorganik_0660.jpg,Anorganik,224,224
Anorganik_0661.jpg,Anorganik,224,224
Organik_0662.jpg,Organik,224,224
Organik_0663.jpg,Organik,224,224
Anorganik_0664.jpg,Anorganik,224,224
Anorganik_0665.jpg,Anorganik,224,224
Anorganik_0666.jpg,Anorganik,224,224
Organik_0667.jpg,Organik,224,224
Organik_0668.jpg,Organik,224,224
Anorganik_0669.jpg,Anorganik,224,224
Anorganik_0670.jpg,Anorganik,224,224
Anorganik_0671.jpg,Anorganik,224,224
Organik_0672.jpg,Organik,224,224
Anorganik_0673.jpg,Anorganik,224,224
Organik_0674.jpg,Organik,224,224
Organik_0675.jpg,Organik,224,224
Anorganik_0676.jpg,Anorganik,224,224
Anorganik_0677.jpg,Anorganik,224,224
Organik_0678.jpg,Organik,224,224
Anorganik_0679.jpg,Anorganik,224,224
Anorganik_0680.jpg,Anorganik,224,224
Anorganik_0681.jpg,Anorganik,224,224
Anorganik_0682.jpg,Anorganik,224,224
Anorganik_0683.jpg,Anorganik,224,224
Anorganik_0684.jpg,Anorganik,224,224
Organik_0685.jpg,Organik,224,224
Organik_0686.jpg,Organik,224,224
Organik_0687.jpg,Organik,224,224
Organik_0688.jpg,Organik,224,224
Anorganik_0689.jpg,Anorganik,224,224
Anorganik_0690.jpg,Anorganik,224,224
Anorganik_0691.jpg,Anorganik,224,224
Organik_0692.jpg,Organik,224,224
Organik_0693.jpg,Organik,224,224
Organik_0694.jpg,Organik,224,224
Organik_0695.jpg,Organik,224,224
Anorganik_0696.jpg,Anorganik,224,224
Anorganik_0697.jpg,Anorganik,224,224
Anorganik_0698.jpg,Anorganik,224,224
Organik_0699.jpg,Organik,224,224
Organik_0700.jpg,Organik,224,224
Organik_0701.jpg,Organik,224,224
Anorganik_0702.jpg,Anorganik,224,224
Anorganik_0703.jpg,Anorganik,224,224
Organik_0704.jpg,Organik,224,224
Anorganik_0705.jpg,Anorganik,224,224
Anorganik_0706.jpg,Anorganik,224,224
Organik_0707.jpg,Organik,224,224
Organik_0708.jpg,Organik,224,224
Anorganik_0709.jpg,Anorganik,224,224
Anorganik_0710.jpg,Anorganik,224,224
Anorganik_0711.jpg,Anorganik,224,224
Anorganik_0712.jpg,Anorganik,224,224
Anorganik_0713.jpg,Anorganik,224,224
Organik_0714.jpg,Organik,224,224
Anorganik_0715.jpg,Anorganik,224,224
Organik_0716.jpg,Organik,224,224
Organik_0717.jpg,Organik,224,224
Anorganik_0718.jpg,Anorganik,224,224
Organik_0719.jpg,Organik,224,224
Anorganik_0720.jpg,Anorganik,224,224
Organik_0721.jpg,Organik,224,224
Organik_0722.jpg,Organik,224,224
Anorganik_0723.jpg,Anorganik,224,224
Anorganik_0724.jpg,Anorganik,224,224
Anorganik_0725.jpg,Anorganik,224,224
Anorganik_0726.jpg,Anorganik,224,224
Organik_0727.jpg,Organik,224,224
Organik_0728.jpg,Organik,224,224
Anorganik_0729.jpg,Anorganik,224,224
Organik_0730.jpg,Organik,224,224
Organik_0731.jpg,Organik,224,224
Organik_0732.jpg,Organik,224,224
Organik_0733.jpg,Organik,224,224
Organik_0734.jpg,Organik,224,224
Anorganik_0735.jpg,Anorganik,224,224
Organik_0736.jpg,Organik,224,224
Anorganik_0737.jpg,Anorganik,224,224
Anorganik_0738.jpg,Anorganik,224,224
Anorganik_0739.jpg,Anorganik,224,224
Organik_0740.jpg,Organik,224,224
Organik_0741.jpg,Organik,224,224
Organik_0742.jpg,Organik,224,224
Anorganik_0743.jpg,Anorganik,224,224
Organik_0744.jpg,Organik,224,224
Anorganik_0745.jpg,Anorganik,224,224
Organik_0746.jpg,Organik,224,224
Organik_0747.jpg,Organik,224,224
Organik_0748.jpg,Organik,224,224
Organik_0749.jpg,Organik,224,224
Organik_0750.jpg,Organik,224,224
Organik_0751.jpg,Organik,224,224
Anorganik_0752.jpg,Anorganik,224,224
Anorganik_0753.jpg,Anorganik,224,224
Anorganik_0754.jpg,Anorganik,224,224
Organik_0755.jpg,Organik,224,224
Organik_0756.jpg,Organik,224,224
Anorganik_0757.jpg,Anorganik,224,224
Anorganik_0758.jpg,Anorganik,224,224
Organik_0759.jpg,Organik,224,224
Anorganik_0760.jpg,Anorganik,224,224
Organik_0761.jpg,Organik,224,224
Anorganik_0762.jpg,Anorganik,224,224
Organik_0763.jpg,Organik,224,224
Anorganik_0764.jpg,Anorganik,224,224
Anorganik_0765.jpg,Anorganik,224,224
Organik_0766.jpg,Organik,224,224
Organik_0767.jpg,Organik,224,224
Anorganik_0768.jpg,Anorganik,224,224
Anorganik_0769.jpg,Anorganik,224,224
Organik_0770.jpg,Organik,224,224
Organik_0771.jpg,Organik,224,224
Anorganik_0772.jpg,Anorganik,224,224
Organik_0773.jpg,Organik,224,224
Organik_0774.jpg,Organik,224,224
Anorganik_0775.jpg,Anorganik,224,224
Organik_0776.jpg,Organik,224,224
Organik_0777.jpg,Organik,224,224
Anorganik_0778.jpg,Anorganik,224,224
Anorganik_0779.jpg,Anorganik,224,224
Anorganik_0780.jpg,Anorganik,224,224
Anorganik_0781.jpg,Anorganik,224,224
Anorganik_0782.jpg,Anorganik,224,224
Anorganik_0783.jpg,Anorganik,224,224
Anorganik_0784.jpg,Anorganik,224,224
Organik_0785.jpg,Organik,224,224
Anorganik_0786.jpg,Anorganik,224,224
Anorganik_0787.jpg,Anorganik,224,224
Anorganik_0788.jpg,Anorganik,224,224
Organik_0789.jpg,Organik,224,224
Anorganik_0790.jpg,Anorganik,224,224
Organik_0791.jpg,Organik,224,224
Organik_0792.jpg,Organik,224,224
Organik_0793.jpg,Organik,224,224
Anorganik_0794.jpg,Anorganik,224,224
Anorganik_0795.jpg,Anorganik,224,224
Organik_0796.jpg,Organik,224,224
Organik_0797.jpg,Organik,224,224
Anorganik_0798.jpg,Anorganik,224,224
Anorganik_0799.jpg,Anorganik,224,224
Anorganik_0800.jpg,Anorganik,224,224
Organik_0801.jpg,Organik,224,224
Anorganik_0802.jpg,Anorganik,224,224
Organik_0803.jpg,Organik,224,224
Anorganik_0804.jpg,Anorganik,224,224
Organik_0805.jpg,Organik,224,224
Organik_0806.jpg,Organik,224,224
Organik_0807.jpg,Organik,224,224
Organik_0808.jpg,Organik,224,224
Organik_0809.jpg,Organik,224,224
Anorganik_0810.jpg,Anorganik,224,224
Anorganik_0811.jpg,Anorganik,224,224
Anorganik_0812.jpg,Anorganik,224,224
Anorganik_0813.jpg,Anorganik,224,224
Anorganik_0814.jpg,Anorganik,224,224
Organik_0815.jpg,Organik,224,224
Anorganik_0816.jpg,Anorganik,224,224
Organik_0817.jpg,Organik,224,224
Organik_0818.jpg,Organik,224,224
Anorganik_0819.jpg,Anorganik,224,224
Organik_0820.jpg,Organik,224,224
Organik_0821.jpg,Organik,224,224
Anorganik_0822.jpg,Anorganik,224,224
Organik_0823.jpg,Organik,224,224
Anorganik_0824.jpg,Anorganik,224,224
Anorganik_0825.jpg,Anorganik,224,224
Organik_0826.jpg,Organik,224,224
Organik_0827.jpg,Organik,224,224
Organik_0828.jpg,Organik,224,224
Organik_0829.jpg,Organik,224,224
Anorganik_0830.jpg,Anorganik,224,224
Anorganik_0831.jpg,Anorganik,224,224
Anorganik_0832.jpg,Anorganik,224,224
Organik_0833.jpg,Organik,224,224
Organik_0834.jpg,Organik,224,224
Organik_0835.jpg,Organik,224,224
Organik_0836.jpg,Organik,224,224
Anorganik_0837.jpg,Anorganik,224,224
Anorganik_0838.jpg,Anorganik,224,224
Anorganik_0839.jpg,Anorganik,224,224
Organik_0840.jpg,Organik,224,224
Organik_0841.jpg,Organik,224,224
Anorganik_0842.jpg,Anorganik,224,224
Anorganik_0843.jpg,Anorganik,224,224
Anorganik_0844.jpg,Anorganik,224,224
Organik_0845.jpg,Organik,224,224
Organik_0846.jpg,Organik,224,224
Organik_0847.jpg,Organik,224,224
Anorganik_0848.jpg,Anorganik,224,224
Organik_0849.jpg,Organik,224,224
Organik_0850.jpg,Organik,224,224
Anorganik_0851.jpg,Anorganik,224,224
Anorganik_0852.jpg,Anorganik,224,224
Anorganik_0853.jpg,Anorganik,224,224
Organik_0854.jpg,Organik,224,224
Organik_0855.jpg,Organik,224,224
Organik_0856.jpg,Organik,224,224
Organik_0857.jpg,Organik,224,224
Organik_0858.jpg,Organik,224,224
Anorganik_0859.jpg,Anorganik,224,224
Organik_0860.jpg,Organik,224,224
Organik_0861.jpg,Organik,224,224
Anorganik_0862.jpg,Anorganik,224,224
Anorganik_0863.jpg,Anorganik,224,224
Organik_0864.jpg,Organik,224,224
Organik_0865.jpg,Organik,224,224
Anorganik_0866.jpg,Anorganik,224,224
Organik_0867.jpg,Organik,224,224
Organik_0868.jpg,Organik,224,224
Organik_0869.jpg,Organik,224,224
Anorganik_0870.jpg,Anorganik,224,224
Anorganik_0871.jpg,Anorganik,224,224
Organik_0872.jpg,Organik,224,224
Anorganik_0873.jpg,Anorganik,224,224
Organik_0874.jpg,Organik,224,224
Anorganik_0875.jpg,Anorganik,224,224
Anorganik_0876.jpg,Anorganik,224,224
Anorganik_0877.jpg,Anorganik,224,224
Organik_0878.jpg,Organik,224,224
Anorganik_0879.jpg,Anorganik,224,224
Organik_0880.jpg,Organik,224,224
Anorganik_0881.jpg,Anorganik,224,224
Organik_0882.jpg,Organik,224,224
Organik_0883.jpg,Organik,224,224
Anorganik_0884.jpg,Anorganik,224,224
Organik_0885.jpg,Organik,224,224
Anorganik_0886.jpg,Anorganik,224,224
Anorganik_0887.jpg,Anorganik,224,224
Organik_0888.jpg,Organik,224,224
Anorganik_0889.jpg,Anorganik,224,224
Anorganik_0890.jpg,Anorganik,224,224
Organik_0891.jpg,Organik,224,224
Organik_0892.jpg,Organik,224,224
Organik_0893.jpg,Organik,224,224
Organik_0894.jpg,Organik,224,224
Anorganik_0895.jpg,Anorganik,224,224
Anorganik_0896.jpg,Anorganik,224,224
Anorganik_0897.jpg,Anorganik,224,224
Organik_0898.jpg,Organik,224,224
Organik_0899.jpg,Organik,224,224
Anorganik_0900.jpg,Anorganik,224,224
Anorganik_0901.jpg,Anorganik,224,224
Organik_0902.jpg,Organik,224,224
Anorganik_0903.jpg,Anorganik,224,224
Anorganik_0904.jpg,Anorganik,224,224
Anorganik_0905.jpg,Anorganik,224,224
Anorganik_0906.jpg,Anorganik,224,224
Organik_0907.jpg,Organik,224,224
Organik_0908.jpg,Organik,224,224
Anorganik_0909.jpg,Anorganik,224,224
Organik_0910.jpg,Organik,224,224
Anorganik_0911.jpg,Anorganik,224,224
Organik_0912.jpg,Organik,224,224
Anorganik_0913.jpg,Anorganik,224,224
Organik_0914.jpg,Organik,224,224
Anorganik_0915.jpg,Anorganik,224,224
Anorganik_0916.jpg,Anorganik,224,224
Organik_0917.jpg,Organik,224,224
Anorganik_0918.jpg,Anorganik,224,224
Anorganik_0919.jpg,Anorganik,224,224
Anorganik_0920.jpg,Anorganik,224,224
Organik_0921.jpg,Organik,224,224
Organik_0922.jpg,Organik,224,224
Organik_0923.jpg,Organik,224,224
Organik_0924.jpg,Organik,224,224
Organik_0925.jpg,Organik,224,224
Organik_0926.jpg,Organik,224,224
Organik_0927.jpg,Organik,224,224
Anorganik_0928.jpg,Anorganik,224,224
Anorganik_0929.jpg,Anorganik,224,224
Organik_0930.jpg,Organik,224,224
Anorganik_0931.jpg,Anorganik,224,224
Anorganik_0932.jpg,Anorganik,224,224
Organik_0933.jpg,Organik,224,224
Anorganik_0934.jpg,Anorganik,224,224
Organik_0935.jpg,Organik,224,224
Organik_0936.jpg,Organik,224,224
Anorganik_0937.jpg,Anorganik,224,224
Organik_0938.jpg,Organik,224,224
Organik_0939.jpg,Organik,224,224
Anorganik_0940.jpg,Anorganik,224,224
Anorganik_0941.jpg,Anorganik,224,224
Anorganik_0942.jpg,Anorganik,224,224
